Activity Type,Date,Favorite,Title,Distance,Calories,Time,Avg HR,Max HR,Aerobic TE,Avg Run Cadence,Max Run Cadence,Avg Pace,Best Pace,Total Ascent,Total Descent,Avg Stride Length,Training Stress Score¬Æ,Steps,Min Temp,Decompression,Best Lap Time,Number of Laps,Max Temp,Moving Time,Elapsed Time,Min Elevation,Max Elevation
Running,2025-08-13 15:02:38,false,"Tucson Running","8.47","1,174","01:39:19","156","187","3.7","146","242","11:43","8:09","151","158","0.94","0.0","14,648","95.0","No","00:03:12.3","4","105.8","01:33:39","01:39:19","2,333","2,446"
Running,2025-08-04 16:32:06,false,"Tucson Running","4.55","587","00:50:01","148","179","3.1","152","174","10:59","6:20","122","125","0.96","0.0","7,664","86.0","No","00:16:04","2","105.8","00:48:57","00:50:01","2,376","2,441"
Running,2025-07-31 15:38:04,false,"Tucson - Base","3.11","418","00:29:31","166","191","3.5","154","163","9:29","7:07","2,285","2,487","1.10","0.0","4,600","91.4","No","00:00:09.9","2","104.0","00:29:27","00:29:31","1,505","2,551"
Running,2025-07-29 15:04:25,false,"Tucson Running","9.00","1,255","01:44:00","155","193","3.9","151","232","11:33","6:45","4,466","4,864","0.92","0.0","15,762","87.8","No","00:33:11","3","109.4","01:41:47","01:44:00","1,676","2,818"
Running,2025-07-23 14:36:17,false,"Tucson Running","9.68","1,335","01:59:37","153","172","3.8","144","229","12:22","8:33","3,736","3,765","0.89","0.0","17,658","89.6","No","00:05:16.2","4","98.6","01:55:09","01:59:37","2,112","2,621"
Running,2025-07-21 16:21:57,false,"Tucson Running","3.12","371","00:37:36","128","145","2.2","150","225","12:03","9:39","1,745","2,011","0.89","0.0","5,690","73.4","No","00:00:10.8","2","86.0","00:36:26","00:37:36","1,944","2,449"
Running,2025-07-18 16:18:37,false,"Tucson - Sprint","3.56","469","00:35:01","159","185","3.5","153","203","9:50","4:27","2,523","2,542","1.08","0.0","5,482","91.4","No","00:00:15","13","100.4","00:35:01","00:35:01","1,917","2,646"
Running,2025-07-15 14:47:12,false,"Tucson Running","8.42","1,217","01:40:00","157","191","4.1","147","217","11:52","6:36","4,847","5,082","0.92","0.0","14,796","91.4","No","00:27:19","3","100.4","01:36:25","01:40:00","2,024","2,478"
Running,2025-07-08 15:12:16,false,"Tucson Running","8.34","1,165","01:49:01","153","183","3.6","138","226","13:04","6:52","4,396","4,782","0.89","0.0","15,268","93.2","No","00:28:36","3","107.6","01:39:34","01:49:01","1,626","2,544"
Running,2025-07-06 16:57:54,false,"Tucson Running","6.30","803","01:13:30","147","174","3.3","146","229","11:40","7:37","2,961","3,154","0.94","0.0","10,846","86.0","No","00:01:31.4","3","100.4","01:10:13","01:13:30","1,786","2,601"
Trail Running,2025-07-01 18:02:04,false,"Pima County Trail Running","8.27","1,195","02:24:20","137","170","3.4","123","244","17:26","9:22","4,503","3,757","0.75","0.0","18,618","89.6","No","00:35:46","3","100.4","02:13:59","02:24:20","2,774","3,888"
Running,2025-06-28 12:10:26,false,"Tucson Running","3.45","447","00:36:00","150","173","3.3","158","223","10:25","8:14","1,009","1,563","0.98","0.0","5,690","89.6","No","00:03:19.8","2","104.0","00:35:58","00:36:00","1,483","2,428"
Running,2025-06-26 15:03:29,false,"Tucson Running","9.88","1,301","01:57:21","154","181","3.7","147","229","11:53","7:46","287","270","0.92","0.0","17,424","93.2","No","00:08:32.5","4","98.6","01:51:57","01:57:21","2,322","2,449"
Running,2025-06-24 13:11:35,false,"Tucson Running","8.31","1,133","01:38:01","158","184","3.7","148","239","11:48","7:54","205","211","0.92","0.0","14,608","91.4","No","00:26:33","3","107.6","01:34:21","01:38:01","2,325","2,454"
Running,2025-06-23 16:16:27,false,"Tucson Running","2.60","320","00:29:00","138","160","2.5","156","167","11:09","9:49","162","169","0.92","0.0","4,556","86.0","No","00:29:00","1","100.4","00:28:47","00:29:00","2,384","2,463"
Running,2025-06-13 15:21:45,false,"Tucson Running","3.40","422","00:33:21","149","186","3.2","155","194","9:49","5:04","3,257","3,677","1.06","0.0","5,216","91.4","No","00:03:35.0","2","105.8","00:33:13","00:33:21","1,334","2,694"
Running,2025-06-12 16:02:28,false,"Tucson Running","3.00","351","00:30:01","140","178","2.9","159","234","10:01","6:05","1,751","2,557","1.01","0.0","4,776","87.8","No","00:30:01","1","104.0","00:29:56","00:30:01","1,491","2,428"
Running,2025-06-11 16:19:37,false,"Tucson Running","9.09","1,229","01:38:31","157","196","4.2","149","238","10:50","6:12","3,085","4,020","0.99","0.0","14,966","86.0","No","00:30:50","3","107.6","01:35:32","01:38:31","858","2,554"
Running,2025-06-09 16:50:06,false,"Tucson Running","5.74","755","01:05:01","146","170","3.3","148","186","11:20","7:44","3,055","3,298","0.96","0.0","9,778","91.4","No","00:30:05","2","105.8","01:02:27","01:05:01","1,329","2,449"
Running,2025-06-05 12:43:41,false,"Tucson Running","11.86","1,574","02:15:01","157","182","4.3","151","242","11:23","7:51","5,792","6,379","0.94","0.0","20,526","86.0","No","00:29:43","4","102.2","02:09:29","02:15:01","1,982","2,823"
Running,2025-06-03 12:34:29,false,"Tucson Running","9.22","1,182","01:45:00","147","179","3.5","151","167","11:23","6:58","253","182","0.94","0.0","16,052","87.8","No","00:34:04","3","95.0","01:40:42","01:45:00","2,314","2,411"
Running,2025-05-29 12:57:28,false,"Tucson Running","12.05","1,516","02:19:01","147","175","3.9","153","239","11:32","8:20","6,501","6,549","0.91","0.0","21,420","87.8","No","00:30:20","4","96.8","02:14:08","02:19:01","2,251","2,591"
Running,2025-05-27 12:37:05,false,"Tucson Running","3.58","433","00:35:00","147","184","3.3","153","169","9:47","6:26","1,402","1,767","1.08","0.0","5,386","86.0","No","00:04:46.4","2","95.0","00:34:13","00:35:00","2,054","2,688"
Running,2025-05-23 13:42:20,false,"Tucson Running","10.13","1,470","01:55:01","164","188","5.0","147","232","11:21","7:39","4,753","5,772","0.96","0.0","17,120","82.4","No","00:10:35","4","105.8","01:49:34","01:55:01","877","2,438"
Running,2025-05-20 15:15:08,false,"Tucson Running","10.22","1,341","01:55:01","156","184","4.1","150","205","11:15","7:55","989","987","0.95","0.0","17,414","89.6","No","00:10:56","4","96.8","01:51:21","01:55:01","2,243","2,459"
Running,2025-05-16 11:44:01,false,"Tucson Running","0.96","128","00:11:00","137","160","2.1","139","163","11:28","9:04","205","189","1.01","0.0","1,560","89.6","No","00:11:00","1","95.0","00:09:46","00:11:00","2,398","2,442"
Running,2025-05-16 10:01:38,false,"Tucson Running","1.00","129","00:11:10","138","159","2.1","143","165","11:09","8:06","134","167","1.01","0.0","1,650","84.2","No","00:11:10","1","86.0","00:10:13","00:11:10","2,385","2,458"
Running,2025-05-15 15:08:15,false,"Tucson Running","4.40","543","00:48:25","139","163","3.0","147","165","11:00","7:53","82","63","1.00","0.0","7,170","87.8","No","00:14:12","2","96.8","00:45:41","00:48:25","2,377","2,449"
Running,2025-05-13 12:43:45,false,"Tucson - Base","3.15","380","00:30:01","147","175","3.3","154","165","9:31","7:22","96","87","1.09","0.0","4,662","87.8","No","00:00:00.6","3","95.0","00:29:28","00:30:01","2,387","2,435"
Running,2025-04-30 15:57:00,false,"Tucson Running","6.23","802","01:07:30","151","175","3.5","148","224","10:50","7:41","461","451","1.00","0.0","10,114","82.4","No","00:00:28.8","3","95.0","01:03:47","01:07:30","2,323","2,446"
Running,2025-04-25 16:44:04,false,"Tucson Running","10.00","1,270","01:48:51","155","183","4.3","144","232","10:53","5:30","331","339","1.03","0.0","15,892","84.2","No","00:07:26.2","4","96.8","01:42:19","01:50:00","2,322","2,428"
Running,2025-04-23 17:26:31,false,"Tucson Running","3.15","379","00:30:01","142","178","3.3","158","167","9:31","6:43","110","114","1.07","0.0","4,748","84.2","No","00:00:32.1","2","93.2","00:30:00","00:30:01","2,392","2,432"
Running,2025-04-22 15:53:47,false,"Tucson Running","5.34","701","00:56:00","154","185","3.7","148","219","10:29","6:43","125","156","1.03","0.0","8,398","84.2","No","00:24:24","2","95.0","00:53:31","00:56:00","2,351","2,462"
Running,2025-04-21 16:38:13,false,"Tucson Running","2.50","304","00:27:01","138","153","2.6","152","165","10:49","6:47","74","88","0.98","0.0","4,220","87.8","No","00:27:01","1","95.0","00:26:23","00:27:01","2,402","2,442"
Running,2025-04-10 18:18:36,false,"Tucson Running","1.16","164","00:16:25","130","157","2.2","112","167","14:12","7:54","22","25","1.01","0.0","1,842","86.0","No","00:16:25","1","89.6","00:11:29","00:16:25","2,406","2,428"
Trail Running,2025-04-08 02:08:57,false,"Pacing Monster 300","40.50","5,578","15:59:33","118","165","4.1","90","248","23:42","7:33","2,813","1,792","0.75","0.0","91,252","64.4","No","00:11:23","14","98.6","12:07:45","15:59:34","2,395","3,680"
Running,2025-04-07 17:48:11,false,"Tucson Running","3.59","429","00:49:11","135","167","2.7","130","234","13:43","7:54","5","122","0.90","0.0","6,530","78.8","No","00:09:24.5","2","84.2","00:46:33","00:49:11","2,321","2,444"
Running,2025-04-01 11:18:34,false,"Tucson Running","2.47","308","00:26:30","142","157","2.6","146","223","10:45","8:20","32","109","1.02","0.0","3,930","77.0","No","00:26:30","1","80.6","00:24:19","00:26:30","2,344","2,426"
Running,2025-03-28 16:29:38,false,"Tucson Running","4.89","595","00:51:41","146","175","3.3","148","165","10:34","6:59","116","114","1.02","0.0","7,782","84.2","No","00:20:28","2","96.8","00:49:07","00:51:41","2,356","2,446"
Running,2025-03-26 15:38:31,false,"Tucson - Recovery","4.16","515","00:42:28","144","160","3.1","156","236","10:12","7:41","123","102","1.01","0.0","6,664","86.0","No","00:16:28","2","98.6","00:41:55","00:45:12","2,381","2,436"
Running,2025-03-24 15:48:24,false,"Tucson Running","9.70","1,243","01:46:00","156","182","3.9","151","247","10:56","7:12","159","164","0.98","0.0","16,140","87.8","No","00:04:42.6","4","96.8","01:42:48","01:46:00","2,323","2,430"
Running,2025-03-22 09:56:41,false,"Tucson Running","0.33","43","00:03:42.7","115","125","0.9","143","167","11:11","7:59","7","7","1.01","0.0","550","78.8","No","00:03:42.7","1","80.6","00:03:33","00:04:17.4","2,428","2,436"
Running,2025-03-19 16:23:23,false,"Tucson Running","3.82","476","00:37:30","155","173","3.3","157","169","9:49","6:59","81","102","1.05","0.0","5,890","73.4","No","00:06:38.9","2","82.4","00:37:10","00:37:30","2,384","2,436"
Running,2025-03-18 15:58:06,false,"Tucson Running","3.15","397","00:31:00","159","175","3.2","160","212","9:50","7:11","119","75","1.02","0.0","4,962","69.8","No","00:00:46.1","2","80.6","00:30:59","00:31:00","2,392","2,451"
Running,2025-03-16 09:18:18,false,"Tucson Running","0.37","40","00:05:00.1","123","136","0.4","136","167","13:31","9:49","7","24","0.88","0.0","716","69.8","No","00:05:00.1","1","73.4","00:04:22","00:05:00.1","2,369","2,395"
Running,2025-03-16 07:30:35,false,"Tucson Running","0.40","51","00:04:45.3","130","147","0.7","152","170","11:57","10:25","27","7","0.89","0.0","732","71.6","No","00:04:45.3","1","77.0","00:04:40","00:05:06.0","2,372","2,404"
Running,2025-03-11 15:14:00,false,"Tucson Running","3.69","450","00:37:19","147","164","3.0","149","165","10:07","7:49","26","116","1.07","0.0","5,700","78.8","No","00:05:33.2","2","86.0","00:35:23","00:37:19","2,338","2,449"
Running,2025-03-10 16:51:52,false,"Tucson Running","10.03","1,257","01:47:00","151","171","3.8","153","212","10:40","5:28","173","186","0.98","0.0","16,584","77.0","No","00:07:57.4","4","89.6","01:42:51","01:47:02","2,290","2,426"
Running,2025-03-09 16:24:20,false,"Tucson Running","3.20","386","00:30:01","153","186","3.3","154","229","9:22","4:36","86","100","1.11","0.0","4,616","78.8","No","00:01:40.5","2","86.0","00:30:01","00:30:01","2,400","2,441"
Running,2025-03-05 16:14:49,false,"Tucson Running","7.00","885","01:07:00","152","187","4.2","150","236","9:34","6:09","100","99","1.12","0.0","10,194","75.2","No","00:08:16.7","3","82.4","01:03:41","01:09:07","2,331","2,428"
Running,2025-03-04 12:30:02,false,"Tucson Running","2.81","344","00:26:00","145","171","3.3","150","217","9:15","5:22","90","79","1.16","0.0","3,940","71.6","No","00:26:00","1","80.6","00:24:51","00:26:01","2,394","2,426"
Trail Running,2025-03-01 06:22:19,false,"Pima County Trail Running","0.60","61","00:06:55.2","118","136","0.7","146","219","11:34","8:57","28","149","0.95","0.0","1,002","60.8","No","00:06:55.2","1","62.6","00:06:50","00:06:55.2","5,164","5,316"
Trail Running,2025-02-28 18:05:41,false,"Pima County Trail Running","3.37","426","00:36:13","145","170","3.0","151","168","10:45","9:11","298","311","1.00","0.0","5,504","66.2","No","00:02:54.7","2","73.4","00:34:50","00:38:00","4,983","5,283"
Running,2025-02-25 16:30:05,false,"Tucson Running","1.21","151","00:12:40","150","166","2.2","157","167","10:29","8:46","22","23","0.98","0.0","2,004","84.2","No","00:12:40","1","87.8","00:12:40","00:12:40","2,416","2,446"
Running,2025-02-24 15:25:24,false,"Tucson Running","2.72","324","00:30:01","138","152","2.5","154","163","11:03","9:18","67","63","0.95","0.0","4,666","84.2","No","00:30:01","1","93.2","00:29:34","00:30:01","2,423","2,484"
Running,2025-02-22 11:57:34,false,"Tucson Running","2.25","265","00:26:21","130","147","2.1","157","220","11:42","9:45","23","70","0.88","0.0","4,164","75.2","No","00:26:21","1","84.2","00:26:20","00:26:21","2,383","2,437"
Running,2025-02-21 12:51:50,false,"Tucson Running","10.29","1,300","01:47:00","159","182","4.1","153","226","10:24","7:39","233","226","1.01","0.0","16,522","75.2","No","00:11:26","4","89.6","01:44:57","01:47:00","2,333","2,472"
Running,2025-02-20 15:46:40,false,"Tucson Running","5.81","723","00:58:00","150","188","3.8","149","171","9:59","6:21","99","112","1.08","0.0","8,742","75.2","No","00:26:16","2","86.0","00:55:08","00:58:00","2,326","2,428"
Running,2025-02-18 12:34:28,false,"Tucson Running","2.89","351","00:30:01","143","164","3.0","152","165","10:23","6:47","93","65","1.02","0.0","4,644","77.0","No","00:30:01","1","87.8","00:29:49","00:30:01","2,400","2,450"
Running,2025-02-17 13:21:27,false,"Tucson - Base","3.69","445","00:34:00","155","173","3.5","154","167","9:14","7:37","92","87","1.13","0.0","5,304","78.8","No","00:01:00.1","3","86.0","00:33:28","00:35:09","2,422","2,473"
Trail Running,2025-02-08 08:00:31,false,"Black Canyon 100k","62.51","7,801","15:40:47","145","180","5.0","128","250","15:03","7:51","5,776","7,808","0.83","0.0","122,700","55.4","No","00:02:27.2","34","91.4","14:02:45","15:41:47","1,793","4,184"
Running,2025-02-05 15:37:16,false,"Tucson Running","5.00","639","00:51:45","151","169","3.4","149","165","10:21","6:52","81","112","1.04","0.0","7,780","78.8","No","00:19:26","2","86.0","00:49:14","00:51:45","2,329","2,442"
Running,2025-02-02 11:21:11,false,"Tucson Running","5.10","667","00:53:01","156","180","3.5","147","236","10:24","6:23","1,048","1,013","1.05","0.0","7,950","73.4","No","00:19:42","2","86.0","00:50:08","00:53:01","2,325","2,480"
Running,2025-01-29 11:57:22,false,"Tucson Running","1.05","144","00:12:01","147","171","2.2","134","167","11:28","8:20","49","--","1.05","0.0","1,608","64.4","No","00:12:01","1","84.2","00:09:53","00:12:01","2,372","2,425"
Running,2025-01-29 10:23:47,false,"Tucson Running","1.04","127","00:10:30","135","146","2.1","151","167","10:08","8:11","22","29","1.05","0.0","1,606","60.8","No","00:10:30","1","71.6","00:09:53","00:10:30","2,425","2,439"
Trail Running,2025-01-18 10:53:55,false,"Pima County Trail Running","4.15","584","01:06:55","136","162","2.5","129","241","16:08","8:23","809","778","0.78","0.0","9,000","73.4","No","00:17:21","2","82.4","01:01:51","01:06:55","2,628","3,084"
Running,2025-01-18 10:18:02,false,"Pima County Running","0.39","44","00:03:35.6","142","161","1.0","153","169","9:17","7:53","13","29","1.13","0.0","548","73.4","No","00:03:35.6","1","75.2","00:03:34","00:03:35.6","2,621","2,646"
Running,2025-01-15 16:16:42,false,"Tucson Running","5.94","774","01:10:01","151","169","3.0","153","220","11:47","9:51","98","71","0.89","0.0","10,784","68.0","No","00:34:56","2","78.8","01:08:39","01:10:01","2,421","2,499"
Running,2025-01-14 16:29:52,false,"Tucson Running","6.41","772","00:59:00","144","180","4.1","145","185","9:13","5:17","100","92","1.20","0.0","8,648","68.0","No","00:04:48.3","3","77.0","00:54:38","00:59:00","2,324","2,427"
Running,2025-01-12 11:18:24,false,"Pima County Running","3.51","409","00:33:21","126","144","3.0","155","233","9:30","5:04","70","74","1.09","0.0","5,178","60.8","No","00:04:44.4","2","75.2","00:33:14","00:33:21","2,244","2,298"
Running,2025-01-10 11:41:37,false,"Tucson Running","1.38","173","00:13:00","150","170","2.4","156","224","9:23","7:25","51","20","1.10","0.0","2,062","69.8","No","00:13:00","1","80.6","00:12:59","00:13:00","2,376","2,409"
Running,2025-01-10 10:01:05,false,"Tucson Running","1.00","133","00:11:20","137","153","2.0","140","172","11:20","8:38","19","23","1.01","0.0","1,640","66.2","No","00:11:20","1","73.4","00:09:48","00:11:22","2,420","2,440"
Running,2025-01-08 17:29:13,false,"Tucson Running","1.25","151","00:12:08","140","159","2.1","161","170","9:42","7:51","38","73","1.03","0.0","1,950","66.2","No","00:12:08","1","77.0","00:12:07","00:12:08","2,304","2,362"
Running,2025-01-07 16:14:17,false,"Tucson - Base","4.16","514","00:38:01","152","172","3.5","154","167","9:08","6:42","94","79","1.14","0.0","5,932","73.4","No","00:02:00.7","3","80.6","00:37:18","00:41:36","2,356","2,424"
Running,2025-01-05 11:42:31,false,"Tucson Running","11.11","1,367","01:55:00","145","176","4.2","147","239","10:21","4:37","183","173","1.06","0.0","17,060","69.8","No","00:21:11","4","80.6","01:49:41","01:55:00","2,316","2,434"
Running,2025-01-01 13:08:17,false,"Tucson Running","6.35","787","01:06:30","144","171","3.4","152","167","10:28","6:54","164","133","1.01","0.0","10,194","80.6","No","00:01:42.2","3","89.6","01:03:51","01:06:30","2,367","2,477"
Trail Running,2024-12-29 14:30:12,false,"Brown Mountain x2ish","9.30","1,448","02:06:13","160","187","4.1","134","247","13:34","6:44","1,852","1,880","0.89","0.0","17,442","78.8","No","00:00:02.8","4","93.2","02:02:40","02:07:02","2,623","3,091"
Running,2024-12-27 12:57:56,false,"Tucson Running","3.82","460","00:36:00","143","174","3.2","160","190","9:25","5:20","96","113","1.07","0.0","5,770","69.8","No","00:12:00","2","78.8","00:36:00","00:36:00","2,389","2,436"
Running,2024-12-25 13:07:30,false,"Tucson Running","15.07","1,921","02:42:31","152","182","4.7","150","223","10:47","5:00","291","296","1.00","0.0","24,626","71.6","No","00:01:19.2","7","80.6","02:34:47","02:42:32","2,246","2,421"
Running,2024-12-23 15:59:21,false,"Tucson - Threshold","3.36","404","00:29:00","151","175","3.6","154","167","8:37","6:15","67","69","1.21","0.0","4,488","75.2","No","00:10:00","2","84.2","00:29:00","00:29:00","2,396","2,432"
Running,2024-12-19 14:26:12,false,"Tucson Running","5.33","695","01:02:00","148","177","3.2","145","231","11:38","6:22","91","107","0.95","0.0","9,070","80.6","No","00:25:26","2","87.8","00:58:22","01:02:00","2,320","2,428"
Running,2024-12-18 15:50:22,false,"Tucson Running","1.20","146","00:14:00","132","145","1.6","156","165","11:39","10:32","7","26","0.89","0.0","2,198","82.4","No","00:14:00","1","86.0","00:13:40","00:20:55","2,396","2,430"
Running,2024-12-17 15:30:24,false,"last run of age 33 üçª","16.20","2,075","03:00:00","152","175","4.6","148","166","11:06","8:17","272","305","0.98","0.0","27,094","66.2","No","00:08:13.0","6","78.8","02:48:39","03:00:00","2,300","2,436"
Running,2024-12-16 14:39:17,false,"Tucson Running","3.11","385","00:27:32","160","184","3.4","153","169","8:51","6:20","74","76","1.19","0.0","4,244","80.6","No","00:00:11.4","2","84.2","00:27:12","00:28:14","2,387","2,425"
Running,2024-12-12 15:09:14,false,"Tucson Running","2.70","335","00:30:30","143","162","2.4","156","165","11:18","8:24","51","77","0.91","0.0","4,778","77.0","No","00:30:30","1","84.2","00:30:16","00:30:33","2,360","2,428"
Running,2024-12-10 16:45:13,false,"Tucson Running","2.34","295","00:24:00","144","161","2.8","154","230","10:15","8:19","47","78","1.02","0.0","3,684","66.2","No","00:24:00","1","75.2","00:23:35","00:24:00","2,384","2,428"
Ultra Running,2024-12-07 07:15:05,false,"Collosal Vail 50/50 (55k)","34.18","4,441","08:58:43","140","171","5.0","127","250","15:46","8:56","2,862","2,866","0.80","0.0","69,640","53.6","No","00:05:31.4","35","91.4","07:48:50","08:58:43","3,291","4,192"
Running,2024-12-03 17:26:00,false,"Tucson Running","3.04","387","00:30:00","149","164","3.1","154","165","9:51","8:00","92","92","1.06","0.0","4,656","75.2","No","00:30:00","1","80.6","00:29:21","00:30:00","2,360","2,427"
Running,2024-12-01 14:27:47,false,"Tucson - Recovery","2.22","271","00:24:03","132","145","2.4","147","161","10:51","9:25","41","51","1.01","0.0","3,586","84.2","No","00:00:02.9","2","89.6","00:22:44","00:24:03","2,395","2,430"
Running,2024-11-25 16:31:28,false,"Tucson Running","1.09","135","00:12:00","121","135","1.9","154","163","11:01","9:51","17","26","0.95","0.0","1,862","75.2","No","00:12:00","1","78.8","00:11:56","00:12:00","2,410","2,427"
Running,2024-11-24 17:18:27,false,"Tucson Running","4.82","596","00:45:01","153","168","3.4","155","167","9:20","7:30","118","127","1.12","0.0","6,990","68.0","No","00:15:42","2","80.6","00:44:25","00:45:01","2,377","2,446"
Running,2024-11-22 12:44:17,false,"Tucson Running","9.66","1,266","01:45:00","153","181","3.8","152","231","10:52","7:51","170","182","0.98","0.0","15,966","77.0","No","00:04:44.0","4","95.0","01:42:28","01:45:00","2,323","2,434"
Running,2024-11-20 15:05:01,false,"Tucson Running","5.29","709","00:55:20","154","174","3.6","140","242","10:28","7:25","83","83","1.10","0.0","7,882","77.0","No","00:23:37","2","84.2","00:50:12","00:55:20","2,352","2,440"
Running,2024-11-18 12:22:53,false,"Tucson Running","3.15","401","00:33:01","143","173","3.0","151","165","10:29","7:36","56","38","1.02","0.0","5,024","69.8","No","00:00:28.2","2","77.0","00:31:48","00:36:33","2,396","2,457"
Running,2024-11-14 12:23:07,false,"Tucson - Recovery","3.03","396","00:31:20","154","175","3.0","153","165","10:21","7:35","57","64","1.01","0.0","4,848","78.8","No","00:07:20.0","2","89.6","00:30:41","00:31:20","2,368","2,428"
Trail Running,2024-11-09 11:51:11,false,"Guaymas Trail Running","5.87","970","01:24:03","153","177","3.6","125","247","14:19","7:13","758","756","0.90","0.0","11,014","80.6","No","00:36:08","2","91.4","01:09:07","01:24:42","12","239"
Trail Running,2024-11-05 15:52:18,false,"Pima County Trail Running","5.75","811","01:10:33","144","168","3.4","126","172","12:16","7:17","224","237","1.04","0.0","9,246","68.0","No","00:34:07","2","84.2","00:56:46","01:10:33","2,516","2,638"
Running,2024-11-04 17:08:09,false,"Tucson Running","3.12","390","00:31:17","142","166","3.0","154","163","10:01","8:43","70","71","1.04","0.0","4,818","66.2","No","00:00:12.0","2","73.4","00:30:39","00:31:17","2,366","2,407"
Running,2024-11-03 10:51:15,false,"Tucson Running","2.17","271","00:25:00","126","150","2.2","139","168","11:33","6:57","82","59","1.00","0.0","3,666","64.4","No","00:25:00","1","78.8","00:22:34","00:33:45","2,392","2,435"
Running,2024-10-31 15:09:18,false,"Tucson - Base","2.70","333","00:25:30","148","164","3.0","156","165","9:26","8:41","58","75","1.09","0.0","4,000","80.6","No","00:25:30","1","86.0","00:25:30","00:25:30","2,391","2,428"
Running,2024-10-29 16:03:27,false,"Tucson Running","3.14","418","00:30:01","160","180","3.5","149","179","9:35","5:42","93","12","1.13","0.0","4,482","71.6","No","00:00:34.8","2","75.2","00:28:30","00:30:03","2,323","2,413"
Running,2024-10-29 15:25:49,false,"Tucson - Base","3.14","384","00:30:02","146","171","3.1","155","169","9:34","6:52","24","95","1.09","0.0","4,710","77.0","No","00:00:01.7","3","80.6","00:29:44","00:30:42","2,329","2,409"
Running,2024-10-28 16:43:43,false,"Tucson - Recovery","2.25","272","00:23:00","133","149","2.5","155","175","10:14","8:56","66","50","1.01","0.0","3,594","82.4","No","00:01:00.4","2","87.8","00:22:54","00:23:32","2,369","2,432"
Running,2024-10-20 06:35:35,false,"Tucson Running","13.17","1,651","01:55:25","163","181","5.0","156","168","8:46","5:56","670","676","1.18","0.0","18,104","51.8","No","00:07:11.5","5","64.4","01:53:27","01:55:25","2,330","2,781"
Running,2024-10-18 17:34:01,false,"Tucson Running","4.33","546","00:47:04","143","166","3.0","149","247","10:52","8:59","115","114","0.99","0.0","7,030","66.2","No","00:14:19","2","78.8","00:46:04","00:47:04","2,323","2,390"
Running,2024-10-12 14:29:15,false,"Tucson Running","3.17","416","00:31:30","159","183","3.3","155","162","9:56","7:55","79","112","1.05","0.0","4,906","84.2","No","00:01:15.1","2","100.4","00:31:25","00:31:30","2,401","2,454"
Running,2024-10-10 16:11:42,false,"Tucson Running","2.11","262","00:21:00","144","179","2.8","153","167","9:58","5:32","61","81","1.06","0.0","3,208","82.4","No","00:21:00","1","95.0","00:20:57","00:21:00","2,406","2,464"
Running,2024-10-07 15:35:02,false,"Tucson Running","7.75","1,016","01:34:20","148","169","3.3","145","229","12:11","8:19","113","125","0.91","0.0","13,814","91.4","No","00:20:29","3","102.2","01:29:01","01:34:34","2,330","2,451"
Running,2024-10-05 12:07:16,false,"Tucson Running","5.07","633","01:00:01","150","183","3.1","145","225","11:50","6:09","134","114","0.94","0.0","5,370","95.0","No","00:24:37","2","104.0","00:58:17","01:00:01","2,342","2,404"
Running,2024-10-02 11:44:02,false,"Tucson Running","3.11","406","00:32:11","149","172","3.1","148","224","10:20","8:19","98","106","1.05","0.0","4,800","86.0","No","00:00:14.8","2","100.4","00:30:44","00:32:11","2,405","2,481"
Running,2024-09-29 14:00:16,false,"Tucson Running","2.66","317","00:32:46","131","146","2.1","153","229","12:20","10:34","91","92","0.85","0.0","5,048","95.0","No","00:32:46","1","105.8","00:32:39","00:33:09","2,408","2,479"
Trail Running,2024-09-21 06:45:59,false,"Stagecoach 100","60.42","7,468","15:06:45","139","175","5.0","127","249","15:01","6:42","3,812","5,099","0.84","0.0","116,868","48.2","No","00:36:39","20","87.8","13:34:36","15:06:45","6,264","8,877"
Trail Running,2024-09-21 06:34:11,false,"Coconino County Trail Running","0.87","135","00:11:25","142","159","2.0","142","227","13:10","8:44","257","--","0.86","0.0","1,626","50.0","No","00:11:25","1","57.2","00:11:25","00:11:25","7,479","7,742"
Trail Running,2024-09-20 15:37:51,false,"Flagstaff Trail Running","2.04","270","00:23:18","145","163","2.4","141","220","11:27","7:27","287","233","1.00","0.0","3,300","69.8","No","00:00:17.3","3","86.0","00:21:40","00:23:18","6,909","7,201"
Running,2024-09-17 17:03:52,false,"Tucson Running","2.94","351","00:30:00","132","164","2.6","156","169","10:13","6:09","83","103","1.01","0.0","4,696","84.2","No","00:30:00","1","93.2","00:30:00","00:30:00","2,366","2,425"
Running,2024-09-11 17:36:47,false,"Tucson Running","7.50","955","01:17:06","148","181","3.5","151","179","10:17","6:00","118","129","1.04","0.0","11,684","86.0","No","00:12:41","3","95.0","01:13:58","01:17:06","2,324","2,439"
Running,2024-09-08 06:20:13,false,"Tucson Running","6.26","780","00:49:24","176","187","4.8","159","171","7:53","6:22","423","407","1.28","0.0","7,838","77.0","No","00:00:38.3","3","89.6","00:49:18","00:49:25","2,395","2,676"
Running,2024-09-06 17:52:43,false,"Tucson Running","5.60","767","00:59:16","159","180","3.4","149","165","10:35","7:29","94","105","1.02","0.0","8,922","89.6","No","00:26:09","2","93.2","00:56:42","00:59:16","2,346","2,448"
Running,2024-09-05 18:15:47,false,"Tucson Running","0.71","84","00:07:34.4","132","140","1.0","158","165","10:43","10:14","7","22","0.95","0.0","1,198","87.8","No","00:07:34.4","1","93.2","00:07:34.4","00:07:34.4","2,406","2,425"
Running,2024-09-04 17:10:05,false,"Tucson Running","5.39","706","01:00:01","153","179","3.3","147","163","11:08","8:52","107","97","0.98","0.0","8,960","93.2","No","00:27:16","2","102.2","00:58:43","01:02:10","2,337","2,384"
Running,2024-09-02 06:04:49,false,"Saguaro National Park 8-Miler","8.14","1,028","01:05:27","177","190","5.0","160","170","8:02","5:57","773","749","1.25","0.0","10,492","73.4","No","00:14:52","3","82.4","01:05:24","01:05:29","2,833","3,226"
Running,2024-08-30 07:12:03,false,"Tucson Running","3.26","402","00:32:01","141","177","3.1","153","176","9:49","5:35","87","83","1.07","0.0","4,904","78.8","No","00:02:34.7","2","86.0","00:31:26","00:32:01","2,395","2,449"
Running,2024-08-28 15:34:38,false,"For the beers tonight - Base","4.08","527","00:40:21","154","170","3.2","150","167","9:53","7:44","59","90","1.09","0.0","6,142","87.8","No","00:02:45.4","3","98.6","00:38:56","00:41:28","2,357","2,441"
Running,2024-08-27 05:43:44,false,"Tucson Running","7.75","960","01:22:11","141","164","3.2","155","165","10:36","7:50","136","117","0.98","0.0","12,792","78.8","No","00:16:01","3","84.2","01:20:25","01:22:27","2,322","2,442"
Running,2024-08-26 15:54:26,false,"Tucson Running","2.65","322","00:28:01","136","165","2.5","151","163","10:33","8:21","65","75","1.01","0.0","4,260","86.0","No","00:28:01","1","93.2","00:27:46","00:28:01","2,407","2,454"
Running,2024-08-24 17:22:01,false,"Tucson Running","3.20","410","00:32:00","150","186","3.0","148","167","10:00","6:44","77","90","1.08","0.0","4,780","87.8","No","00:01:54.3","2","95.0","00:30:18","00:32:00","2,331","2,421"
Running,2024-08-24 08:50:57,false,"Tucson Running","3.22","384","00:28:00","153","182","3.3","155","182","8:42","5:48","88","104","1.18","0.0","4,374","82.4","No","00:02:05.1","2","89.6","00:27:55","00:28:15","2,416","2,469"
Running,2024-08-21 05:30:02,false,"Tucson Running","5.22","646","00:50:18","145","169","3.4","156","170","9:38","6:02","83","86","1.07","0.0","7,894","77.0","No","00:20:36","2","84.2","00:49:43","00:50:18","2,334","2,426"
Running,2024-08-20 16:13:36,false,"Tucson Running","8.00","1,045","01:31:16","154","175","3.4","152","231","11:25","7:34","182","173","0.93","0.0","13,900","86.0","No","00:22:27","3","105.8","01:31:05","01:31:59","2,333","2,455"
Running,2024-08-19 16:07:28,false,"Tucson Running","1.01","118","00:11:45","119","129","1.1","158","162","11:41","10:58","28","38","0.87","0.0","1,862","86.0","No","00:11:45","1","102.2","00:11:45","00:11:45","2,400","2,428"
Running,2024-08-17 10:51:49,false,"Tucson Running","13.25","1,765","02:32:37","156","184","4.1","146","234","11:31","7:35","257","267","0.96","0.0","22,354","93.2","No","00:10:20","5","104.0","02:22:41","02:32:37","2,188","2,362"
Running,2024-08-13 16:16:56,false,"Tucson Running","5.80","786","00:58:10","162","190","3.8","150","165","10:02","7:29","97","135","1.07","0.0","8,812","89.6","No","00:08:57.7","6","100.4","00:55:49","00:58:10","2,348","2,469"
Running,2024-08-12 16:10:37,false,"Tucson - Recovery","5.00","615","00:55:51","136","154","2.7","153","165","11:10","9:13","99","112","0.94","0.0","8,618","86.0","No","00:05:05.2","6","93.2","00:54:51","00:55:51","2,371","2,440"
Running,2024-08-11 09:59:32,false,"Tucson Running","13.24","1,697","02:14:00","156","191","4.6","152","233","10:07","6:38","291","282","1.04","0.0","20,542","82.4","No","00:02:24.0","14","91.4","02:08:44","02:14:00","2,216","2,336"
Running,2024-08-09 11:00:25,false,"Tucson - Anaerobic","6.23","792","00:58:57","161","190","3.9","159","176","9:28","5:38","96","121","1.07","0.0","9,350","93.2","No","00:00:01.9","19","98.6","00:58:49","00:58:57","2,332","2,408"
Running,2024-08-07 13:46:47,false,"Tucson Running","5.22","650","01:00:01","136","157","2.7","152","212","11:30","9:06","108","103","0.92","0.0","9,156","89.6","No","00:02:05.8","6","98.6","00:57:51","01:00:01","2,323","2,394"
Running,2024-08-05 16:51:49,false,"Tucson Running","4.75","624","00:48:09","159","193","3.8","140","192","10:08","4:43","82","131","1.13","0.0","6,830","87.8","No","00:08:28.4","5","102.2","00:44:52","00:48:29","2,351","2,449"
Running,2024-08-03 12:53:56,false,"Tucson Running","10.23","1,450","02:15:01","157","191","3.7","142","241","13:12","7:44","263","232","0.86","0.0","19,354","95.0","No","00:03:31.5","11","111.2","02:06:45","02:15:10","2,314","2,446"
Running,2024-08-01 15:28:56,false,"Tucson Running","6.23","834","01:10:40","151","182","3.2","148","235","11:21","7:03","108","139","0.96","0.0","10,594","84.2","No","00:02:15.5","7","100.4","01:06:24","01:10:40","2,351","2,472"
Running,2024-07-30 15:22:41,false,"Tucson Running","6.24","879","01:11:45","159","185","3.4","149","234","11:30","7:56","112","126","0.94","0.0","10,714","86.0","No","00:04:03.2","7","102.2","01:09:25","01:11:45","2,337","2,440"
Running,2024-07-29 10:33:35,false,"Tucson - VO2 Max","4.51","627","00:43:01","170","197","4.3","146","167","9:32","6:48","93","96","1.14","0.0","6,338","91.4","No","00:00:00.8","19","98.6","00:43:01","00:43:01","2,329","2,372"
Treadmill Running,2024-07-23 21:21:01,false,"Treadmill Running","1.30","171","00:15:08","139","163","2.1","110","218","11:39","6:08","--","--","0.87","0.0","1,666","80.6","No","00:07:04.0","2","86.0","00:09:22.9","00:15:08","--","--"
Running,2024-07-23 20:54:52,false,"Boise Running","2.15","258","00:21:42","138","152","2.5","157","161","10:05","8:51","57","15","1.02","0.0","3,394","86.0","No","00:01:24.2","3","89.6","00:21:35","00:21:51","2,741","2,760"
Running,2024-07-22 06:56:02,false,"Boise Running","6.23","789","01:09:27","137","161","3.1","143","165","11:09","7:47","83","98","1.01","0.0","10,158","77.0","No","00:01:53.3","7","84.2","01:03:17","01:09:27","2,711","2,769"
Running,2024-07-20 11:00:02,false,"Tucson - Base","5.76","775","01:00:01","159","188","3.6","150","229","10:25","6:22","137","78","1.03","0.0","9,020","93.2","No","00:09:13.9","6","102.2","01:00:00","01:00:01","2,288","2,391"
Running,2024-07-17 17:12:04,false,"Tucson - Recovery","1.30","158","00:13:41","136","148","2.0","160","167","10:32","9:43","24","45","0.96","0.0","2,178","84.2","No","00:02:59.0","2","96.8","00:13:34","00:13:41","2,460","2,483"
Running,2024-07-16 18:07:27,false,"Tucson Running","4.16","522","00:50:50","140","160","2.4","154","217","12:14","9:53","117","128","0.85","0.0","7,838","87.8","No","00:03:08.0","5","96.8","00:50:18","00:50:50","2,434","2,483"
Running,2024-07-14 08:31:11,false,"Tucson Running","11.13","1,472","02:00:00","155","188","4.1","146","231","10:47","6:13","467","465","1.01","0.0","17,898","84.2","No","00:02:12.6","12","100.4","01:53:43","02:00:00","2,207","2,350"
Running,2024-07-11 11:17:20,false,"Tucson Running","3.19","390","00:30:01","145","178","3.1","154","165","9:24","6:26","151","135","1.12","0.0","4,616","89.6","No","00:02:32.3","4","102.2","00:29:57","00:30:01","2,420","2,474"
Running,2024-07-09 15:29:53,false,"Tucson Running","6.23","843","01:10:31","152","180","3.3","147","234","11:20","7:33","122","136","0.97","0.0","10,408","89.6","No","00:02:54.8","7","102.2","01:07:02","01:10:31","2,344","2,449"
Running,2024-07-06 12:31:19,false,"Tucson Running","14.15","1,850","03:00:00","151","179","3.7","142","239","12:43","7:26","281","410","0.89","0.0","25,814","86.0","No","00:02:41.0","15","104.0","02:47:29","03:00:00","2,187","2,428"
Running,2024-07-05 11:47:33,false,"Intervals for the great Garmin running God. All praise Garmin üôá‚Äç‚ôÇÔ∏èüôáüôá‚Äç","4.33","565","00:48:11","151","192","3.3","143","232","11:08","4:48","100","93","1.00","0.0","6,950","91.4","No","00:05:54.8","5","104.0","00:48:05","00:48:11","2,342","2,405"
Running,2024-07-03 17:06:56,false,"Tucson Running","8.30","1,160","01:41:43","155","188","3.4","149","231","12:15","5:12","179","177","0.88","0.0","15,296","86.0","No","00:05:31.8","9","104.0","01:39:25","01:41:45","2,333","2,442"
Running,2024-07-01 20:01:06,false,"Tucson Running","3.50","438","00:34:11","148","177","3.1","154","186","9:45","4:14","98","107","1.07","0.0","5,294","82.4","No","00:04:35.5","4","89.6","00:33:58","00:34:11","2,399","2,455"
Running,2024-06-29 10:57:02,false,"crashing and burning","14.37","1,982","03:00:01","157","190","4.3","142","234","12:32","5:32","244","277","0.90","0.0","25,798","86.0","No","00:07:48.7","15","100.4","02:50:49","03:00:01","2,273","2,444"
Running,2024-06-27 16:02:34,false,"Tucson Running","6.22","871","01:09:20","156","191","3.5","145","234","11:08","7:01","125","126","1.00","0.0","10,126","86.0","No","00:03:38.5","7","105.8","01:05:47","01:09:20","2,330","2,438"
Trail Running,2024-06-26 18:22:15,false,"Pima County Trail Running","3.51","636","01:19:34","127","166","2.3","85","236","22:42","6:16","815","809","0.84","0.0","7,342","75.2","No","00:09:24.9","4","84.2","01:00:08","01:19:36","7,514","8,164"
Running,2024-06-24 11:51:18,false,"Tucson Running","3.54","454","00:38:01","145","177","2.8","157","229","10:45","4:51","77","74","0.96","0.0","5,962","84.2","No","00:06:01.0","4","98.6","00:37:38","00:38:01","2,411","2,457"
Running,2024-06-23 08:54:41,false,"Tucson Running","7.50","980","01:18:21","155","191","3.8","152","229","10:27","5:04","109","134","1.01","0.0","11,966","84.2","No","00:06:26.1","8","95.0","01:17:33","01:18:25","2,325","2,444"
Running,2024-06-22 13:25:21,false,"Tucson Running","3.50","448","00:42:02","134","168","2.3","150","177","12:00","5:36","256","243","0.89","0.0","6,358","77.0","No","00:05:04.4","4","93.2","00:40:05","00:42:02","2,290","2,433"
Running,2024-06-21 14:39:03,false,"Tucson - Anaerobic - ughhhh","4.67","650","00:45:01","165","194","4.2","159","176","9:39","5:05","73","67","1.05","0.0","7,104","91.4","No","00:01:00","16","102.2","00:45:01","00:45:01","2,337","2,375"
Running,2024-06-18 15:37:43,false,"Los Angeles - Recovery","5.00","620","00:54:21","134","147","2.9","152","163","10:52","9:04","80","62","0.98","0.0","8,310","77.0","No","00:04:46.0","6","86.0","00:53:31","00:56:20","-19","12"
Running,2024-06-17 09:57:05,false,"Los Angeles Running","9.12","1,133","01:42:31","136","171","3.5","140","231","11:14","6:05","167","153","1.03","0.0","14,494","77.0","No","00:00:51.9","10","84.2","01:35:17","01:42:31","-104","28"
Running,2024-06-13 18:19:36,false,"Tucson Running","6.00","781","00:55:47","163","186","4.1","153","175","9:18","6:13","149","89","1.13","0.0","8,598","87.8","No","00:08:46.3","6","95.0","00:54:52","00:55:47","2,340","2,496"
Running,2024-06-12 16:57:01,false,"Tucson Running","3.12","375","00:32:32","141","165","2.8","156","163","10:26","8:00","106","102","0.99","0.0","5,088","87.8","No","00:01:03.0","4","100.4","00:32:31","00:32:32","2,434","2,469"
Trail Running,2024-06-11 17:50:35,false,"Pima County Trail Running","4.33","775","01:22:59","139","168","2.8","97","239","19:10","6:21","1,080","1,066","0.86","0.0","8,818","73.4","No","00:03:20.9","5","84.2","01:02:57","01:22:59","7,360","8,148"
Running,2024-06-09 14:08:19,false,"Tucson Summer Classic 1/3","13.33","1,803","02:40:46","157","178","4.1","146","229","12:04","8:11","303","291","0.91","0.0","23,700","95.0","No","00:05:06.6","14","107.6","02:34:12","02:40:46","2,333","2,483"
Running,2024-06-05 17:52:47,false,"Tucson Running","9.66","1,298","01:53:03","151","174","3.6","150","232","11:42","7:58","129","180","0.92","0.0","17,112","89.6","No","00:07:57.4","10","96.8","01:46:40","01:54:29","2,328","2,474"
Running,2024-06-04 16:47:26,false,"Tucson Running","1.33","161","00:14:11","131","168","2.0","156","162","10:38","6:40","50","40","0.97","0.0","2,208","87.8","No","00:02:52.5","2","96.8","00:14:10","00:14:11","2,422","2,468"
Running,2024-06-03 15:52:21,false,"Tucson - Recovery","3.22","409","00:38:01","142","154","2.3","156","163","11:48","10:39","90","109","0.87","0.0","5,942","86.0","No","00:04:46.6","4","102.2","00:37:53","00:38:01","2,406","2,444"
Running,2024-06-01 19:01:14,false,"Tucson Running","3.14","394","00:23:37","182","195","4.2","158","167","7:31","6:16","39","47","1.35","0.0","3,726","86.0","No","00:00:57.5","4","89.6","00:23:36","00:23:37","2,360","2,399"
Running,2024-06-01 17:58:14,false,"Tucson Running","1.63","235","00:19:51","138","167","2.3","122","201","12:09","7:21","40","33","1.09","0.0","2,514","86.0","No","00:07:10.6","2","95.0","00:16:03","00:44:34","2,375","2,404"
Running,2024-05-31 15:10:56,false,"Tucson - Recovery","3.85","495","00:47:21","143","163","2.3","155","165","12:18","10:07","137","132","0.84","0.0","7,418","89.6","No","00:02:48.0","5","104.0","00:46:30","00:47:21","2,394","2,469"
Running,2024-05-29 16:47:20,false,"Tucson Running","2.65","367","00:30:04","152","166","2.7","149","163","11:21","9:22","84","43","0.96","0.0","4,606","86.0","No","00:06:54.3","3","96.8","00:28:25","00:30:45","2,348","2,419"
Running,2024-05-29 16:12:18,false,"Tucson Running","2.76","349","00:30:00","140","162","2.5","153","175","10:53","8:41","67","82","0.97","0.0","4,706","84.2","No","00:08:14.9","3","100.4","00:29:02","00:30:13","2,377","2,420"
Running,2024-05-28 18:16:35,false,"Tucson Running","2.80","357","00:30:04","140","157","2.5","155","165","10:45","9:13","24","66","0.97","0.0","4,706","87.8","No","00:08:16.8","3","91.4","00:29:37","00:30:04","2,391","2,448"
Running,2024-05-27 17:40:23,false,"Tucson Running","9.66","1,287","01:42:08","155","178","4.0","152","198","10:34","7:37","182","184","1.00","0.0","15,626","86.0","No","00:07:46.6","10","98.6","01:38:28","01:42:08","2,304","2,427"
Running,2024-05-26 16:51:45,false,"Tucson Running","3.50","455","00:37:05","147","164","3.0","157","163","10:35","8:14","162","179","0.97","0.0","5,840","86.0","No","00:05:01.3","4","96.8","00:36:59","00:37:05","2,394","2,444"
Running,2024-05-23 17:48:14,false,"Tucson Running","6.00","783","00:58:30","156","182","4.1","149","163","9:45","6:23","104","113","1.10","0.0","8,850","84.2","No","00:00:01.4","7","95.0","00:55:57","00:58:30","2,314","2,415"
Running,2024-05-22 13:30:13,false,"Tucson Running","3.20","395","00:35:01","133","149","2.5","152","167","10:56","9:08","82","98","0.97","0.0","5,352","86.0","No","00:02:01.8","4","96.8","00:33:53","00:35:34","2,428","2,467"
Running,2024-05-20 16:35:27,false,"Zone II ü•≥üíúü¶ê","5.25","647","01:04:30","129","138","2.6","149","167","12:17","9:16","83","107","0.88","0.0","9,724","82.4","No","00:03:29.0","6","93.2","01:01:01","01:04:34","2,331","2,428"
Running,2024-05-19 13:10:25,false,"Tucson - Recovery","3.62","450","00:40:01","138","161","2.6","158","163","11:04","8:07","125","131","0.92","0.0","6,324","84.2","No","00:03:00.9","5","98.6","00:39:55","00:40:01","2,404","2,474"
Running,2024-05-18 06:46:04,false,"Tucson 5000","3.11","378","00:22:33","180","194","4.4","159","169","7:15","6:40","58","30","1.39","0.0","3,594","71.6","No","00:00:43.6","4","80.6","00:22:32","00:22:33","2,423","2,477"
Running,2024-05-16 16:57:42,false,"Tucson Running","3.75","491","00:38:09","148","170","3.3","154","163","10:10","7:59","97","55","1.03","0.0","5,946","82.4","No","00:07:07.0","4","87.8","00:37:20","00:38:09","2,407","2,462"
Running,2024-05-15 10:59:30,false,"Tucson - Base","5.66","773","01:00:00","152","192","3.9","148","176","10:36","5:34","77","83","1.02","0.0","8,980","84.2","No","00:02:00.4","7","93.2","00:57:23","01:00:00","2,376","2,442"
Running,2024-05-13 12:32:57,false,"Tucson - Recovery","2.01","245","00:22:20","128","139","2.2","158","163","11:07","9:33","46","48","0.92","0.0","3,526","86.0","No","00:00:19.7","3","96.8","00:22:19","00:22:20","2,423","2,458"
Running,2024-05-12 10:20:22,false,"Tucson - Base","6.22","828","01:03:11","158","184","4.2","154","165","10:09","6:31","127","126","1.03","0.0","9,768","84.2","No","00:05:11.3","7","93.2","01:02:25","01:03:11","2,238","2,301"
Running,2024-05-10 17:00:58,false,"Tucson Running","3.25","436","00:37:33","146","157","2.8","152","165","11:33","8:57","85","110","0.92","0.0","5,736","87.8","No","00:02:41.4","4","95.0","00:36:05","00:37:33","2,384","2,445"
Running,2024-05-09 16:23:39,false,"Tucson - Recovery","3.01","395","00:31:34","147","163","3.0","156","165","10:29","9:08","72","78","0.98","0.0","4,932","87.8","No","00:03:05.9","4","95.0","00:31:33","00:31:39","2,396","2,432"
Running,2024-05-08 15:28:56,false,"Tucson Running","7.51","1,056","01:23:34","159","179","4.0","149","223","11:08","9:01","142","146","0.97","0.0","12,666","86.0","No","00:05:50.0","8","96.8","01:19:58","01:25:06","2,325","2,429"
Running,2024-05-06 13:11:57,false,"Tucson Running","1.51","183","00:17:21","123","137","2.0","155","161","11:32","9:25","32","31","0.90","0.0","2,722","78.8","No","00:05:36.5","2","89.6","00:17:11","00:17:21","2,395","2,423"
Running,2024-05-05 07:05:59,false,"Tucson Running","6.23","812","00:54:11","171","198","5.0","158","174","8:42","5:33","318","342","1.17","0.0","8,578","68.0","No","00:01:50.7","7","84.2","00:54:09","00:54:11","2,440","2,633"
Running,2024-05-02 12:47:31,false,"Tucson Running","1.33","168","00:15:12","127","138","2.1","149","163","11:24","9:27","36","31","0.95","0.0","2,310","84.2","No","00:03:44.6","2","95.0","00:14:26","00:15:12","2,387","2,413"
Running,2024-04-29 16:33:05,false,"Tucson - Base","3.01","376","00:30:39","142","162","3.0","156","163","10:11","7:51","75","82","1.01","0.0","4,800","84.2","No","00:00:05.7","4","93.2","00:30:38","00:30:39","2,414","2,459"
